{
  "S1": {
    "distribution": "gaussian_diag",
    "features": [
      "x_s1_ps",
      "x_s1_ls",
      "delta_t_sec"
    ],
    "mean": [
      0.0,
      0.0,
      0.0
    ],
    "var": [
      0.001,
      0.001,
      0.001
    ]
  },
  "S2": {
    "distribution": "gaussian_diag",
    "features": [
      "x_s2_captures",
      "x_s2_holds",
      "x_s2_wraps",
      "x_s2_hooks",
      "x_s2_posts"
    ],
    "mean": [
      0.0,
      0.0,
      0.3796680497925311,
      0.0,
      0.0
    ],
    "var": [
      0.001,
      0.001,
      0.9948563213443294,
      0.001,
      0.001
    ]
  },
  "S3": {
    "distribution": "gaussian_diag",
    "features": [
      "x_s3_vup"
    ],
    "mean": [
      1.3278008298755186
    ],
    "var": [
      4.875949105559477
    ]
  },
  "O": {
    "distribution": "discrete",
    "classes": [
      "O0",
      "O1",
      "O2",
      "O3",
      "O4",
      "O5",
      "O6"
    ],
    "laplace_alpha": 1.0,
    "probabilities": {
      "O0": 0.997930320800276,
      "O1": 0.00034494653328734045,
      "O2": 0.00034494653328734045,
      "O3": 0.00034494653328734045,
      "O4": 0.00034494653328734045,
      "O5": 0.00034494653328734045,
      "O6": 0.00034494653328734045
    }
  }
}